{
  "generated_at": "2026-02-23T01:54:58.928055+00:00",
  "model": "event_study_dynamic",
  "policy": "strict-balanced",
  "shock_catalog_key": "shock_dates_nonoverlap_30d",
  "observed_days": 12672,
  "status": "ok",
  "reason": "event_study_estimated",
  "shock_days": 23,
  "shock_threshold": null,
  "shock_source": "shock_catalog_dates",
  "dynamic_effect": {
    "-14": -3.785476,
    "-13": 24.144785,
    "-12": 45.652024,
    "-11": -7.747976,
    "-10": 27.11336,
    "-9": -2.275529,
    "-8": -5.997751,
    "-7": 0.265288,
    "-6": 23.702024,
    "-5": 76.202024,
    "-4": 0.906689,
    "-3": -15.634524,
    "-2": -1.725433,
    "-1": 6.00184,
    "0": 8.10907,
    "1": -6.938549,
    "2": -17.867619,
    "3": -13.571178,
    "4": 5.113033,
    "5": -20.691799,
    "6": -18.056022,
    "7": -12.879552,
    "8": -21.572751,
    "9": 5.246693,
    "10": -6.757937,
    "11": 0.396609,
    "12": -8.825613,
    "13": 11.694228,
    "14": 32.14683
  },
  "metrics": {
    "pretrend_abs_mean": 17.225337,
    "pretrend_ratio_to_post_peak": 0.535833,
    "post_peak": 32.14683,
    "post_peak_p_value": 0.096,
    "placebo_draws": 2000,
    "permutations": 2000,
    "shock_days_used": 23,
    "shock_sampling": "full"
  },
  "gates": {
    "pretrend_ok": true,
    "post_peak_positive": true,
    "p_peak_significant": false,
    "event_study_passed": false
  }
}