{
  "generated_at": "2026-02-23T01:29:24.233549+00:00",
  "model": "event_study_dynamic",
  "policy": "strict-balanced",
  "observed_days": 12672,
  "status": "ok",
  "reason": "event_study_estimated",
  "shock_days": 25,
  "shock_threshold": null,
  "shock_source": "shock_catalog_dates",
  "dynamic_effect": {
    "-14": -3.139394,
    "-13": 22.638406,
    "-12": 40.894697,
    "-11": -9.105303,
    "-10": 25.351754,
    "-9": -1.911404,
    "-8": -5.227193,
    "-7": 0.534167,
    "-6": 22.842063,
    "-5": 71.937302,
    "-4": -1.796377,
    "-3": -13.304861,
    "-2": -1.346528,
    "-1": 9.653472,
    "0": 8.084058,
    "1": -2.95942,
    "2": -13.850433,
    "3": -13.914739,
    "4": 4.323356,
    "5": -17.440476,
    "6": -16.121554,
    "7": -9.542607,
    "8": -15.683333,
    "9": 4.604167,
    "10": -7.0,
    "11": 10.389091,
    "12": -6.510909,
    "13": 11.756948,
    "14": 31.480998
  },
  "metrics": {
    "pretrend_abs_mean": 16.405923,
    "pretrend_ratio_to_post_peak": 0.521137,
    "post_peak": 31.480998,
    "post_peak_p_value": 0.0895,
    "placebo_draws": 2000,
    "permutations": 2000,
    "shock_days_used": 25,
    "shock_sampling": "full"
  },
  "gates": {
    "pretrend_ok": true,
    "post_peak_positive": true,
    "p_peak_significant": false,
    "event_study_passed": false
  }
}